Able,Ace,Acme,Acorn,Adore,Afoot,Air,Aisle,Ale,Allure,Alpha,Amaze,Amber,Ample,Amuse,And,Angel,Ankle,Ant,Any,Ape,Apple,Apron,Aqua,Arcade,Archer,Arctic,Arm,Aroma,Arrow,Art,Ash,Ashen,Asia,Ask,Aspen,Ate,Atlas,Atom,Attack,Attract,Aunt,Aura,Aurora,Auto,Avian,Avid,Awake,Award,Awe,Axe,Babe,Baby,Bacon,Badge,Bag,Bait,Baker,Balmy,Bamboo,Banana,Band,Banjo,Bank,Bar,Barber,Bark,Barn,Baroque,Barren,Bash,Basic,Basil,Basket,Bat,Bath,Bathe,Battle,Bay,Beach,Bead,Beak,Beam,Bean,Bear,Beast,Beat,Beauty,Beaver,Bed,Bee,Beef,Beep,Beer,Beet,Believe,Bell,Belt,Bench,Bend,Benefit,Berry,Best,Bet,Better,Beware,Beyond,Bias,Bible,Bicycle,Bid,Big,Biker,Bill,Billion,Bin,Bind,Bingo,Birch,Bird,Birth,Biscuit,Bit,Bite,Bitter,Bitumen,Black,Blade,Blame,Blank,Blast,Blatant,Blaze,Blazer,Blend,Bless,Blind,Blink,Bliss,Block,Blonde,Blood,Bloom,Blossom,Blow,Blue,Bluff,Blunt,Blur,Blush,Board,Boat,Bob,Bod,Body,Bog,Bogus,Bohemian,Bold,Bolt,Bomb,Bond,Bone,Bonus,Boo,Book,Boom,Boost,Boot,Bore,Borrow,Boss,Both,Bottle,Bottom,Bounce,Bound,Bow,Bowl,Box,Boy,Bra,Brace,Bracket,Brain,Brake,Branch,Brave, ,Bug,Bus,Cab,Cal,Cam,Cap,Car,Cat,Caw,Cod,Con,Cop,Cot,Cow,Cox,Coy,Cry,Cub,Cup,Cut,Dad,Dam,Dan,Day,Dew,Did,Dig,Dim,Din,Dip,Do,Dog,Don,Dot,Dry,Dud,Due,Dun,Duo,Dye,Ear,Eat,Egg,Elf,Elk,Elm,End,Era,Eve,Ewe,Eye,Fan,Far,Fat,Fed,Fee,Fen,Few,Fig,Fin,Fir,Fit,Fix,Flu,Fly,Fog,For,Fox,Fry,Fur,Gal,Gas,Gay,Gee,Gel,Gem,Get,Gig,Gin,Git,Gnu,Goa,God,Got,Gum,Gun,Guy,Gym,Hacksaw,Hail,Hair,Halo,Ham,Hand,Hang,Happy,Harbor,Hard,Harmony,Harvest,Has,Hat,Haven,Hawk,Hay,Hazard,Head,Health,Heap,Heart,Heaven,Heavy,Hedge,Heel,Heist,Hell,Hello,Help,Hem,Hen,Her,Herald,Hero,Hershey,Hew,Hey,Hid,Hike,Hill,Him,Hip,Hire,His,Hit,Hive,Hob,Hobbit,Hobby,Hocus,Hog,Hold,Hole,Holiday,Holly,Home,Honest,Honey,Hood,Hook,Hop,Hope,Horizon,Horn,Horror,Horse,Host,Hot,Hotel,Hour,House,Hover,How,Howl,Hub,Hue,Hug,Huge,Human,Humor,Hunt,Hurricane,Husky,Hustle,Hut,Hutch,Ice,Icon,Idea,Ideal,Idol,Igloo,Ignite,Ignore,Ill,Illegal,Illusion,Image,Imagine,Imp,Impact,Imperfect,Imply,Important,Impress,Improve,Incline,Increase,Indeed,Indicate,Individual,Indoor,Industry,Infant,Infect,Inferno,Infinite,Influence,Inform,Inherit,Initial,Inject,Injure,Ink,Inn,Inner,Innocent,Input,Inquire,Insect,Inside,Insight,Inspire,Install,Instant,Instead,Insult,Insurance,Intend,Intense,Intercept,Interfere,Intersect,Introduce,Invent,Involve,Ion,Iron,Island,Issue,Itch,Ivy,Jab,Jacket,Jag,Jagged,Jail,Jam,Jargon,Jaw,Jay,Jazz,Jeep,Jello,Jelly,Jet,Jew,Jewel,Jig,Jingle,Job,Jog,Join,Joker,Jolly,Jot,Journal,Journey,Joy,Judge,Jug,Juice,Jump,Jungle,Junior,Junk,Jury,Jut,Keg,Ken,Key,Kid,Kin,Kit,Lab,Lad,Lag,Lam,Lap,Law,Lay,Led,Lee,Leg,Let,Lid,Lie,Lip,Lit,Lob,Log,Lot,Machine,Mad,Magazine,Magic,Magnet,Maid,Mail,Main,Maintain,Major,Make,Maker,Male,Mall,Man,Manage,Maniac,Mankind,Manner,Mansion,Mantle,Map,Marble,March,Mare,Margin,Marine,Mark,Market,Marriage,Mask,Mass,Massive,Master,Mat,Match,Mate,Matter,Maximum,May,Maybe,Mayor,Maze,Meal,Mean,Measure,Meat,Medal,Media,Medicine,Meet,Megaphone,Melody,Melon,Melt,Member,Memory,Menace,Mend,Menu,Merit,Merry,Mesh,Message,Metal,Meter,Method,Micro,Midday,Middle,Midnight,Might,Mile,Milk,Million,Mind,Mine,Mineral,Mini,Minimum,Minor,Minute,Mirror,Misery,Missile,Mission,Mist,Mix,Moan,Mobile,Mock,Model,Modern,Modify,Moment,Money,Monitor,Monkey,Monster,Month,Mood,Moon,Moose,Moral,More,Morning,Mortgage,Mosquito,Most,Motel,Mother,Motion,Motivate,Motor,Mountain,Mouse,Move,Movie,Much,Mud,Mug,Multitude,Mum,Murder,Muscle,Museum,Mushroom,Music,Must,Mustard,Mutual,Mysterious,Mystery,Nail,Naked,Name,Nap,Narrow,Nation,Native,Natural,Nature,Naughty,Navy,Near,Neat,Neck,Need,Negative,Neglect,Neighbour,Neither,Nephew,Nerve,Nest,Net,Network,Never,New,News,Next,Nice,Night,Nine,Ninja,Nipple,Nocturnal,Noise,NomNoodle,Normal,North,Nose,Novel,Nude,Number,Nurse,Nylon,Oasis,Oatmeal,Ocean,Octave,Octopus,Oddity,Office,Oilcan,Oldies,Olive,Omelet,Onion,Online,Opera,Optics,Oracle,Orange,Orbit,Orchid,Order,Organ,Orient,Origami,Ornate,Orphan,Oscar,Other,Ottoman,Ounce,Outdoor,Oval,Oven,Owl,Owner,Oxen,Oxygen,Oyster,Paddle,Pagan,Pageant,Pail,Paint,Paisley,Palace,Palm,Palms,Panda,Panel,Panic,Panther,Paper,Parade,Parched,Pardon,Parent,Paris,Parka,Parking,Parrot,Party,Passion,Paste,Pastel,Pastry,Patch,Path,Patient,Patio,Patriot,Pause,Pavement,Pawed,Payday,Pea,Peace,Peaches,Peanut,Pear,Pearl,Pears,Pebble,Pedal,Peel,Peer,Pelican,Pencil,Pendant,Penguin,Pepper,Perfect,Riddle,Saddle,Safe,Sailor,Salad,Sales,Salmon,Salt,Sample,Sand,Satellite,Sauce,Save,Scale,Scan,Scarab,Scare,Scarlet,Scene,Schedule,Scholar,Science,Scissor,Score,Scraper,Scratch,Screen,Script,Sculpt,Sea,Seafood,Seagull,Search,Season,Seat,Seaweed,Second,Secret,Section,Security,Seduce,See,Seed,Seek,Segment,Select,Self,Sell,Seminar,Senate,Senior,Sense,Sensitive,Sensor,Sensual,Separate,Sequence,Serene,Serial,Series,Serious,Serve,Service,Session,Settle,Seven,Seventeen,Seventh,Sewing,Shade,Shadow,Shake,Shall,Shallow,Shamrock,Shape,Share,Shark,Sharp,Shatter,Shear,Sheet,Shelf,Shell,Shelter,Sherbet,Shift,Shimmer,Shine,Shingle,Ship,Shipper,Shirt,Shock,Shocker,Shoe,Shoot,Shop,Shore,Short,Shotgun,Shoulder,Shout,Show,Shrimp,Shut,Shuttle,Sibling,Sick,Side,Sign,Signal,Silence,Silent,Silica,Silly,Silver,Similar,Simple,Simply,Singer,Singing,Single,Sinner,Sister,Situate,Size,Sizzle,Skate,Skateboard,Skeletal,Skeleton,Sketch,Skiing,Skill,Skin,Skinhead,Sky,Skyscraper,Slam,Slammer,Sledge,Sleep,Sleepy,Slice,Slide,Slightly,Slim,Slimmer,Slip,Slipper,Sloping,Slow,Slowly,Slumber,Small,Smallish,Smart,Smash,Smile,Smiling,Smoke,Smooth,Smother,Snaffle,Snap,Sneak,Snicker,Snippet,Snorkel,Snow,Snowman,Soaring,Soccer,Social,Society,Sock,Sockeye,Sodding,Soft,Software,Soil,Solid,Solution,Solve,Some,Son,Song,Soon,Sorrow,Sorry,Sort,Sound,Sounding,Soup,Soupcon,Source,South,Southern,Space,Spaghetti,Span,Spare,Sparkle,Speaker,Special,Specific,Specter,Spectre,Speech,Speed,Speeder,Speedy,Spell,Spend,Sphere,Spice,Spicier,Spider,Spike,Spin,Spinal,Spindle,Spinning,Spiral,Spirit,Splash,Splashy,Split,Spoil,Sponge,Sponsor,Spookier,Spooky,Spoon,Spoony,Sport,Sporting,Spot,Spotter,Spotty,Spray,Spread,Spring,Spy,Square,Squeeze,Stable,Staff,Stage,Stain,Stair,Stake,Stamp,Stand,Standard,Star,Start,State,Station,Status,Stay,Steak,Steal,Steam,Steel,Steep,TV,Taco,Tadpole,Tailor,Talon,Tame,Tandem,Tang,Tank,Tape,Tardy,Tarmac,Tarp,Tart,Task,Taste,Tattered,Tattle,Taurus,Tavern,Tax,Taxi,Teach,Teapot,Tearful,Tease,Tech,Teddy,Tee,Teen,Teeth,Telling,Tempo,Ten,Tend,Tender,Tennis,Tension,Tent,Termite,Terrific,Test,Testing,Text,Thank,That,Theater,Theft,Theme,Then,Theory,Therapy,Thermos,They,Thick,Thief,Thigh,Thin,Thing,Think,Third,Thirsty,Thistle,Thong,Thor,Those,Thought,Thread,Threat,Three,Thrill,Throat,Through,Throw,Thud,Thug,Thumb,Thunder,Thursday,Thus,Tiara,Tic,Ticket,Tidal,Tide,Tie,Tiger,Tight,Tile,Tilt,Time,Tin,Tinsel,Tiny,Tip,Tire,Tissue,Titan,Toad,Toast,Today,Toddler,Toe,Tofu,Toil,Token,Toll,Tomato,Tomb,Tomboy,Tomorrow,Tone,Tongue,Tonight,Toolbox,Tooth,Top,Torch,Tore,Torn,Torrent,Toss,Total,Touch,Tough,Tour,Towel,Tower,Toy,Trace,Track,Trade,Traffic,Tragic,Trail,Train,Traitor,Tramp,Tranquil,Trap,Travel,Treasure,Treat,Tree,Trench,Trendy,Trial,Tribe,Trick,Tricycle,Trifle,Trim,Trinity,Trip,Triumph,Trivial,Troll,Trolley,Trophy,Troubled,Truck,True,Trunk,Trust,Truth,Try,Tuba,Tube,Tuck,Tuesday,Tuition,Tulip,Tumble,Tuna,Tune,Tunnel,Turbo,Turf,Turkey,Turn,Turtle,Tusk,Tutorial,Tuxedo,Twelve,Twenty,Twig,Twilight,Twin,Twist,Two,Type,Typical,Uber,Ultra,Umbrella,Unable,Unbeaten,Uncle,Uncover,Under,Undo,Undress,Unfold,Unhappy,Uniform,Unique,Unit,Universe,Unknown,Unlock,Unlucky,Unpack,Unplug,Unroll,Unsafe,Unseen,Unstable,Unsure,Untidy,Untie,Until,Unusual,Unveil,Unwind,Unzip,Upbeat,Update,Upgrade,Uphill,Upright,Upside,Upstairs,Uptown,Upward,Urban,Urge,Urgent,Urinal,Urn,Use,Useful,User,Usher,Usually,Utility,Utmost,Utopia,Utter,VIP,Vacation,Vacuum,Valiant,Valid,Valley,Value,Van,Vanish,Vanity,Vary,Vase,Vault,Vehicle,Velvet,Vendor,Venus,Verb,Verify,Version,Very,Vest,Veteran,Veto,Vexed,Via,Vice,Victim,Victory,Video,View,Vigilant,Viking,Village,Vine,Vintage,Violent,Violet,Violin,Virtual,Virus,Visa,Visible,Vision,Visit,Visual,Vital,Vitamin,Vivid,Vocal,Voice,Void,Volcano,Volley,Volume,Volunteer,Vote,Voyage,Vulcan,Vulnerable,Wacky,Wade,Wage,Wagon,Waist